INCP Arts and Media Professionals Total Personal Income (weekly),"$1-$149 ($1-$7,799)","$150-$299 ($7,800-$15,599)","$300-$399 ($15,600-$20,799)","$400-$499 ($20,800-$25,999)","$500-$649 ($26,000-$33,799)","$650-$799 ($33,800-$41,599)","$800-$999 ($41,600-$51,999)","$1,000-$1,249 ($52,000-$64,999)","$1,250-$1,499 ($65,000-$77,999)","$1,500-$1,749 ($78,000-$90,999)","$1,750-$1,999 ($91,000-$103,999)","$2,000-$2,999 ($104,000-$155,999)","$3,000-$3,499 ($156,000-$181,999)","$3,500 or more ($182,000 or more)",Total,Average,Round Down,Return Val
Braidwood,0,4,4,5,0,7,7,0,5,0,5,0,0,0,37,954.0540541,954,"$800-$999 ($41,600-$51,999)"
Karabar,0,0,0,0,0,0,0,0,3,0,3,5,0,0,11,1909.090909,1909,"$1,750-$1,999 ($91,000-$103,999)"
Queanbeyan,0,0,6,0,0,0,6,10,3,3,0,0,4,0,32,1273.4375,1273,"$1,250-$1,499 ($65,000-$77,999)"
Queanbeyan - East,0,0,0,0,0,0,4,4,0,0,0,0,0,0,8,1012.5,1012,"$1,000-$1,249 ($52,000-$64,999)"
Queanbeyan West - Jerrabomberra,0,0,0,0,3,3,5,3,3,0,5,8,0,0,30,1446.666667,1446,"$1,250-$1,499 ($65,000-$77,999)"
Googong,0,0,0,0,0,0,0,0,6,0,0,0,0,0,6,1375,1375,"$1,250-$1,499 ($65,000-$77,999)"
Queanbeyan Surrounds,0,7,3,3,8,4,3,5,4,6,13,3,0,0,59,1240.254237,1240,"$1,000-$1,249 ($52,000-$64,999)"
Bombala,0,0,0,0,0,0,0,0,0,0,0,0,0,0,0,0,0,0
Cooma,0,0,0,0,0,0,0,0,0,0,0,0,0,0,0,0,0,0
Cooma Surrounds,0,0,0,0,0,0,0,0,0,0,0,0,0,0,0,0,0,0
Jindabyne - Berridale,0,0,0,0,0,4,9,12,9,3,8,4,0,4,53,1570.754717,1570,"$1,500-$1,749 ($78,000-$90,999)"
Batemans Bay,0,0,0,0,0,0,3,0,0,0,0,0,0,0,3,900,900,"$800-$999 ($41,600-$51,999)"
Batemans Bay - South,0,0,0,3,3,4,0,0,0,5,0,0,0,0,15,940,940,"$800-$999 ($41,600-$51,999)"
Bega - Tathra,0,5,7,3,0,9,0,10,6,7,0,0,0,0,47,900.5319149,900,"$800-$999 ($41,600-$51,999)"
Bega-Eden Hinterland,3,3,3,4,7,0,8,5,0,0,0,0,0,0,33,624.2424242,624,"$500-$649 ($26,000-$33,799)"
Broulee - Tomakin,0,0,0,0,0,0,0,0,0,0,0,0,0,0,0,0,0,0
Deua - Wadbilliga,0,0,0,0,0,0,0,0,0,0,0,0,0,0,0,0,0,0
Eden,0,0,0,0,0,3,0,0,0,0,0,0,0,0,3,725,725,"$650-$799 ($33,800-$41,599)"
Eurobodalla Hinterland,0,0,0,0,0,0,0,0,0,0,0,0,0,0,0,0,0,0
Merimbula - Tura Beach,0,3,0,3,6,5,6,4,6,5,3,0,0,0,41,1045.731707,1045,"$1,000-$1,249 ($52,000-$64,999)"
Moruya - Tuross Head,0,0,0,6,0,3,4,4,0,0,0,0,0,4,21,1284.52381,1284,"$1,250-$1,499 ($65,000-$77,999)"
Narooma - Bermagui,0,0,6,0,4,6,3,3,0,3,0,0,0,0,25,788,788,"$650-$799 ($33,800-$41,599)"
Goulburn,0,0,0,0,3,6,3,11,5,4,0,7,0,0,39,1221.794872,1221,"$1,000-$1,249 ($52,000-$64,999)"
Goulburn Surrounds,0,0,0,0,0,3,4,4,4,4,0,4,0,0,23,1294.565217,1294,"$1,250-$1,499 ($65,000-$77,999)"
Yass,0,4,3,0,4,0,0,4,0,0,0,0,0,0,15,583.3333333,583,"$500-$649 ($26,000-$33,799)"
Yass Surrounds,0,5,7,0,4,5,6,3,9,8,3,9,0,0,59,1152.966102,1152,"$1,000-$1,249 ($52,000-$64,999)"
Young,0,0,0,0,3,0,3,0,0,0,0,0,0,0,6,737.5,737,"$650-$799 ($33,800-$41,599)"
Young Surrounds,0,0,0,0,0,0,0,0,0,0,0,0,0,0,0,0,0,0
Avoca Beach - Copacabana,3,0,0,3,0,5,3,5,3,5,4,9,0,6,46,1601.086957,1601,"$1,500-$1,749 ($78,000-$90,999)"
Box Head - MacMasters Beach,0,0,3,3,4,9,11,10,10,8,5,12,0,8,83,1471.385542,1471,"$1,250-$1,499 ($65,000-$77,999)"
Calga - Kulnura,0,0,0,0,0,0,0,0,0,0,3,0,0,0,3,2500,2500,"$2,000-$2,999 ($104,000-$155,999)"
Erina - Green Point,0,0,0,6,0,7,8,8,4,0,4,3,4,0,44,1320.454545,1320,"$1,250-$1,499 ($65,000-$77,999)"
Gosford - Springfield,7,0,0,4,8,10,10,15,11,19,8,8,0,0,100,1210.5,1210,"$1,000-$1,249 ($52,000-$64,999)"
Kariong,0,0,0,0,0,0,5,0,6,6,3,3,0,0,23,1548.913043,1548,"$1,500-$1,749 ($78,000-$90,999)"
Kincumber - Picketts Valley,0,4,0,0,0,0,0,5,6,3,0,0,0,0,18,1091.666667,1091,"$1,000-$1,249 ($52,000-$64,999)"
Narara,0,3,0,0,0,0,5,3,0,0,0,6,0,0,17,1164.705882,1164,"$1,000-$1,249 ($52,000-$64,999)"
Niagara Park - Lisarow,0,3,0,3,5,0,0,3,12,3,0,3,0,0,32,1102.34375,1102,"$1,000-$1,249 ($52,000-$64,999)"
Point Clare - Koolewong,0,0,4,0,3,5,0,7,3,0,0,4,0,0,26,1009.615385,1009,"$1,000-$1,249 ($52,000-$64,999)"
Saratoga - Davistown,0,0,4,3,3,0,4,4,6,0,0,6,0,0,30,1069.166667,1069,"$1,000-$1,249 ($52,000-$64,999)"
Terrigal - North Avoca,0,0,3,3,8,3,3,9,4,0,5,13,3,3,57,1484.649123,1484,"$1,250-$1,499 ($65,000-$77,999)"
Umina - Booker Bay - Patonga,6,6,11,5,11,10,9,11,17,11,9,14,5,7,132,1308.333333,1308,"$1,250-$1,499 ($65,000-$77,999)"
Wamberal - Forresters Beach,0,0,0,0,0,3,4,0,4,3,4,13,5,0,36,1854.861111,1854,"$1,750-$1,999 ($91,000-$103,999)"
Woy Woy - Blackwall,0,0,0,0,3,4,6,3,10,8,7,11,3,5,60,1758.75,1758,"$1,750-$1,999 ($91,000-$103,999)"
Wyoming,0,0,0,0,3,4,0,0,10,4,4,4,0,0,29,1461.206897,1461,"$1,250-$1,499 ($65,000-$77,999)"
Bateau Bay - Killarney Vale,0,0,0,5,3,4,8,8,4,10,7,9,0,0,58,1365.517241,1365,"$1,250-$1,499 ($65,000-$77,999)"
Blue Haven - San Remo,0,0,0,0,0,0,0,0,0,0,0,0,0,0,0,0,0,0
Budgewoi - Buff Point - Halekulani,0,0,4,0,6,0,0,3,0,6,0,0,0,0,19,946.0526316,946,"$800-$999 ($41,600-$51,999)"
Chittaway Bay - Tumbi Umbi,0,0,0,0,0,5,4,7,4,3,0,3,0,0,26,1196.153846,1196,"$1,000-$1,249 ($52,000-$64,999)"
Gorokan - Kanwal - Charmhaven,4,0,0,0,0,9,3,0,0,4,4,0,0,0,24,1084.375,1084,"$1,000-$1,249 ($52,000-$64,999)"
Jilliby - Yarramalong,0,0,0,0,0,0,0,0,0,0,0,0,0,0,0,0,0,0
Lake Munmorah - Mannering Park,0,0,0,0,3,0,0,0,4,4,0,0,0,0,11,1247.727273,1247,"$1,000-$1,249 ($52,000-$64,999)"
Ourimbah - Fountaindale,0,6,0,0,0,0,3,3,4,0,0,3,0,0,19,976.3157895,976,"$800-$999 ($41,600-$51,999)"
Summerland Point - Gwandalan,3,0,0,0,0,0,0,0,0,0,0,0,0,0,3,75,75,"$1-$149 ($1-$7,799)"
The Entrance,0,0,0,3,0,3,5,0,3,0,0,3,0,0,17,1045.588235,1045,"$1,000-$1,249 ($52,000-$64,999)"
Toukley - Norah Head,0,0,0,5,3,0,3,4,0,0,0,0,0,0,15,745,745,"$650-$799 ($33,800-$41,599)"
Tuggerah - Kangy Angy,0,0,0,3,0,0,0,3,0,5,0,0,0,0,11,1168.181818,1168,"$1,000-$1,249 ($52,000-$64,999)"
Warnervale - Wadalba,0,5,0,3,5,0,9,6,4,3,5,4,0,0,44,1149.431818,1149,"$1,000-$1,249 ($52,000-$64,999)"
Wyong,5,3,0,0,4,0,0,0,0,0,0,0,0,0,12,279.1666667,279,"$150-$299 ($7,800-$15,599)"
Bathurst - East,0,5,0,0,0,0,5,0,0,0,0,5,0,0,15,1000,1000,"$1,000-$1,249 ($52,000-$64,999)"
Bathurst Surrounds,5,0,3,0,0,0,4,3,0,0,0,0,0,0,15,560,560,"$500-$649 ($26,000-$33,799)"
Oberon,0,0,3,0,0,0,0,0,3,0,0,0,0,0,6,862.5,862,"$800-$999 ($41,600-$51,999)"
Bathurst - South,5,3,0,0,3,3,6,3,4,3,0,0,0,0,30,803.3333333,803,"$800-$999 ($41,600-$51,999)"
Bathurst - West,0,0,0,0,0,0,3,9,0,4,0,4,0,0,20,1341.25,1341,"$1,250-$1,499 ($65,000-$77,999)"
Condobolin,0,0,0,0,0,0,0,0,0,0,0,0,0,0,0,0,0,0
Cowra,0,0,3,0,0,0,4,3,0,0,0,0,0,0,10,802.5,802,"$800-$999 ($41,600-$51,999)"
Cowra Surrounds,0,0,0,3,0,0,0,0,0,0,0,0,0,0,3,450,450,"$400-$499 ($20,800-$25,999)"
Forbes,0,0,0,0,4,3,0,0,0,0,0,3,0,0,10,1010,1010,"$1,000-$1,249 ($52,000-$64,999)"
Grenfell,0,0,0,3,0,0,0,0,0,0,0,0,0,0,3,450,450,"$400-$499 ($20,800-$25,999)"
Parkes (NSW),0,0,0,0,0,0,3,3,0,0,0,0,0,0,6,1012.5,1012,"$1,000-$1,249 ($52,000-$64,999)"
Parkes Surrounds,0,0,0,0,0,0,0,0,0,0,0,0,0,0,0,0,0,0
West Wyalong,0,0,0,0,0,0,0,0,0,0,0,0,0,0,0,0,0,0
Lithgow,5,3,0,0,6,0,8,0,0,0,0,0,0,0,22,531.8181818,531,"$500-$649 ($26,000-$33,799)"
Lithgow Surrounds,0,0,0,0,0,0,0,3,3,0,0,0,0,0,6,1250,1250,"$1,250-$1,499 ($65,000-$77,999)"
Mudgee,0,4,3,3,8,3,0,6,0,4,0,0,0,0,31,752.4193548,752,"$650-$799 ($33,800-$41,599)"
Mudgee Surrounds - East,5,0,0,0,0,0,0,0,0,0,0,0,0,0,5,75,75,"$1-$149 ($1-$7,799)"
Mudgee Surrounds - West,0,0,8,0,7,0,5,3,0,0,3,0,0,0,26,853.8461538,853,"$800-$999 ($41,600-$51,999)"
Wollangambe - Wollemi,0,0,0,0,0,0,0,0,0,0,0,0,0,0,0,0,0,0
Blayney,4,4,0,4,5,0,0,3,5,0,0,0,0,0,25,645,645,"$500-$649 ($26,000-$33,799)"
Orange,0,3,0,0,9,10,6,4,6,16,7,0,0,0,61,1225.409836,1225,"$1,000-$1,249 ($52,000-$64,999)"
Orange - North,0,0,0,0,3,5,4,4,7,0,0,4,0,0,27,1132.407407,1132,"$1,000-$1,249 ($52,000-$64,999)"
Orange Surrounds,0,0,3,6,0,0,0,6,0,4,0,0,0,0,19,894.7368421,894,"$800-$999 ($41,600-$51,999)"
Grafton,0,0,0,3,3,12,3,6,0,0,0,0,0,0,27,786.1111111,786,"$650-$799 ($33,800-$41,599)"
Grafton Surrounds,0,0,4,5,0,4,5,4,0,0,0,0,0,0,22,706.8181818,706,"$650-$799 ($33,800-$41,599)"
Maclean - Yamba - Iluka,3,0,6,0,3,5,0,3,4,0,0,3,0,0,27,821.2962963,821,"$800-$999 ($41,600-$51,999)"
Bellingen,0,0,5,6,4,3,5,8,8,3,0,0,0,0,42,911.9047619,911,"$800-$999 ($41,600-$51,999)"
Coffs Harbour - North,0,0,3,0,0,3,4,4,0,0,0,0,0,0,14,808.9285714,808,"$800-$999 ($41,600-$51,999)"
Coffs Harbour - South,0,0,0,0,0,0,4,0,0,0,0,4,0,0,8,1387.5,1387,"$1,250-$1,499 ($65,000-$77,999)"
Coramba - Nana Glen - Bucca,0,0,0,0,3,0,0,0,0,0,0,0,0,0,3,575,575,"$500-$649 ($26,000-$33,799)"
Dorrigo,0,0,0,0,0,0,0,0,0,0,0,0,0,0,0,0,0,0
Korora - Emerald Beach,0,4,0,0,0,7,4,5,3,0,0,0,0,0,23,840.2173913,840,"$800-$999 ($41,600-$51,999)"
Sawtell - Boambee,4,0,5,0,9,4,15,14,9,0,0,0,0,0,60,862.5,862,"$800-$999 ($41,600-$51,999)"
Urunga,0,0,0,0,3,0,0,0,0,0,0,0,0,0,3,575,575,"$500-$649 ($26,000-$33,799)"
Woolgoolga - Arrawarra,6,6,3,3,7,0,3,5,3,0,0,0,0,0,36,574.3055556,574,"$500-$649 ($26,000-$33,799)"
Bourke - Brewarrina,0,0,0,0,0,0,3,4,0,0,0,0,0,0,7,1028.571429,1028,"$1,000-$1,249 ($52,000-$64,999)"
Cobar,0,0,0,0,0,0,0,0,0,0,0,0,0,0,0,0,0,0
Coonamble,4,0,0,0,0,0,0,0,0,0,0,0,0,0,4,75,75,"$1-$149 ($1-$7,799)"
Nyngan - Warren,0,0,0,0,0,0,0,0,0,0,0,0,0,0,0,0,0,0
Walgett - Lightning Ridge,0,0,0,0,0,0,0,0,3,0,0,0,0,0,3,1375,1375,"$1,250-$1,499 ($65,000-$77,999)"
Broken Hill,3,0,0,0,4,6,7,3,4,0,0,0,0,0,27,816.6666667,816,"$800-$999 ($41,600-$51,999)"
Far West,0,0,0,0,0,0,0,0,0,0,0,0,0,0,0,0,0,0
Coonabarabran,0,0,0,0,0,0,0,0,0,0,0,0,0,0,0,0,0,0
Dubbo - East,0,0,0,0,3,0,4,0,0,5,0,0,0,0,12,1120.833333,1120,"$1,000-$1,249 ($52,000-$64,999)"
Dubbo - South,0,0,0,0,0,5,7,4,12,3,0,0,0,0,31,1154.83871,1154,"$1,000-$1,249 ($52,000-$64,999)"
Dubbo - West,0,0,0,0,0,0,6,3,0,4,4,0,0,0,17,1486.764706,1486,"$1,250-$1,499 ($65,000-$77,999)"
Dubbo Surrounds,0,0,0,0,0,0,3,4,0,0,0,0,0,0,7,1028.571429,1028,"$1,000-$1,249 ($52,000-$64,999)"
Gilgandra,0,0,0,0,0,3,0,0,0,3,0,0,0,0,6,1175,1175,"$1,000-$1,249 ($52,000-$64,999)"
Narromine,0,0,0,0,0,0,0,0,0,0,0,0,0,0,0,0,0,0
Wellington,0,0,0,0,0,0,0,0,0,0,0,0,0,0,0,0,0,0
Branxton - Greta - Pokolbin,0,0,4,0,4,3,6,0,4,0,0,3,0,0,24,933.3333333,933,"$800-$999 ($41,600-$51,999)"
Cessnock,7,5,0,3,4,0,0,0,5,0,0,0,0,0,24,507.2916667,507,"$500-$649 ($26,000-$33,799)"
Cessnock Surrounds,3,0,0,3,6,3,0,3,5,3,0,0,5,0,31,1244.354839,1244,"$1,000-$1,249 ($52,000-$64,999)"
Dungog,0,0,0,4,3,0,0,0,0,0,0,0,0,0,7,503.5714286,503,"$500-$649 ($26,000-$33,799)"
Kurri Kurri - Abermain,0,3,0,0,0,0,0,0,0,0,0,0,0,0,3,225,225,"$150-$299 ($7,800-$15,599)"
Singleton,0,0,0,0,0,5,0,0,3,0,0,0,0,0,8,968.75,968,"$800-$999 ($41,600-$51,999)"
Singleton Surrounds,0,0,0,0,0,0,0,0,0,0,0,5,0,0,5,1875,1875,"$1,750-$1,999 ($91,000-$103,999)"
Maitland,0,0,0,5,0,0,3,0,0,0,0,3,0,0,11,961.3636364,961,"$800-$999 ($41,600-$51,999)"
Maitland - North,0,0,0,0,5,5,5,0,0,0,0,0,0,0,15,733.3333333,733,"$650-$799 ($33,800-$41,599)"
East Maitland - Metford,0,0,0,0,7,0,6,5,0,0,0,5,0,0,23,1061.956522,1061,"$1,000-$1,249 ($52,000-$64,999)"
Rutherford (North) - Aberglasslyn,4,0,4,0,3,0,5,5,3,4,0,8,0,0,36,1088.194444,1088,"$1,000-$1,249 ($52,000-$64,999)"
Rutherford (South) - Telarah,0,0,0,0,0,5,0,0,0,0,0,0,0,0,5,725,725,"$650-$799 ($33,800-$41,599)"
Tenambit - East Maitland,0,0,4,0,0,0,5,0,0,0,0,0,0,0,9,655.5555556,655,"$650-$799 ($33,800-$41,599)"
Thornton - Millers Forest,0,0,0,0,0,5,0,0,0,0,0,0,0,0,5,725,725,"$650-$799 ($33,800-$41,599)"
Anna Bay,0,0,0,0,0,0,0,0,3,0,0,0,0,0,3,1375,1375,"$1,250-$1,499 ($65,000-$77,999)"
Lemon Tree Passage - Tanilba Bay,0,6,0,0,0,0,0,0,0,0,0,0,0,0,6,225,225,"$150-$299 ($7,800-$15,599)"
Nelson Bay Peninsula,3,0,0,0,3,3,3,4,0,0,6,0,0,0,22,1196.590909,1196,"$1,000-$1,249 ($52,000-$64,999)"
Raymond Terrace,0,3,0,0,3,3,4,0,0,0,0,0,0,0,13,628.8461538,628,"$500-$649 ($26,000-$33,799)"
Seaham - Woodville,0,0,0,0,0,0,0,0,0,0,0,0,0,0,0,0,0,0
Tea Gardens - Hawks Nest,0,0,0,3,0,0,0,0,0,0,0,0,0,0,3,450,450,"$400-$499 ($20,800-$25,999)"
Williamtown - Medowie - Karuah,4,0,5,0,0,3,0,4,0,0,0,0,0,0,16,545.3125,545,"$500-$649 ($26,000-$33,799)"
Muswellbrook,0,0,0,0,5,0,3,9,0,0,0,0,0,0,17,923.5294118,923,"$800-$999 ($41,600-$51,999)"
Muswellbrook Surrounds,0,0,0,0,0,0,0,0,0,0,0,0,0,0,0,0,0,0
Scone,0,0,0,0,0,0,0,0,3,4,0,0,0,0,7,1517.857143,1517,"$1,500-$1,749 ($78,000-$90,999)"
Scone Surrounds,0,0,0,0,0,0,0,3,0,0,0,0,0,0,3,1125,1125,"$1,000-$1,249 ($52,000-$64,999)"
Dapto - Avondale,5,3,0,6,3,5,4,0,4,5,4,4,0,0,43,1019.186047,1019,"$1,000-$1,249 ($52,000-$64,999)"
Horsley - Kembla Grange,0,0,0,0,0,0,4,0,3,3,0,0,0,0,10,1260,1260,"$1,250-$1,499 ($65,000-$77,999)"
Port Kembla Industrial,0,0,0,0,0,0,0,0,0,0,0,0,0,0,0,0,0,0
Unanderra - Mount Kembla,5,0,0,0,7,0,6,0,4,0,3,0,0,0,25,912,912,"$800-$999 ($41,600-$51,999)"
Berkeley - Lake Heights - Cringila,0,0,0,0,0,5,7,0,0,0,4,10,0,0,26,1487.5,1487,"$1,250-$1,499 ($65,000-$77,999)"
Port Kembla - Warrawong,0,0,0,0,0,0,0,0,0,0,4,0,0,0,4,2500,2500,"$2,000-$2,999 ($104,000-$155,999)"
Windang - Primbee,0,0,0,0,0,0,0,0,0,0,0,0,0,0,0,0,0,0
Illawarra Catchment Reserve,0,0,0,0,0,0,0,0,0,0,0,0,0,0,0,0,0,0
Albion Park - Macquarie Pass,0,0,0,0,0,0,5,0,5,0,0,11,0,0,21,1523.809524,1523,"$1,500-$1,749 ($78,000-$90,999)"
Albion Park Rail,0,0,0,0,3,0,0,3,0,0,0,0,0,0,6,850,850,"$800-$999 ($41,600-$51,999)"
Kiama,4,3,0,0,0,5,4,10,6,0,5,7,3,5,52,1549.519231,1549,"$1,500-$1,749 ($78,000-$90,999)"
Kiama Downs - Minnamurra,0,0,3,0,0,0,4,5,0,3,6,0,0,0,21,1435.714286,1435,"$1,250-$1,499 ($65,000-$77,999)"
Kiama Hinterland - Gerringong,0,0,3,0,6,11,3,10,0,5,0,9,0,3,50,1238.5,1238,"$1,000-$1,249 ($52,000-$64,999)"
Shellharbour - Flinders,0,0,3,4,0,3,5,0,4,0,0,5,4,0,28,1335.714286,1335,"$1,250-$1,499 ($65,000-$77,999)"
Shellharbour - Oak Flats,0,0,0,0,0,0,0,0,3,5,0,4,0,0,12,1645.833333,1645,"$1,500-$1,749 ($78,000-$90,999)"
Warilla,0,0,0,0,3,0,5,3,3,6,0,0,0,0,20,1173.75,1173,"$1,000-$1,249 ($52,000-$64,999)"
Balgownie - Fairy Meadow,0,4,4,0,4,6,0,16,5,4,7,9,0,0,59,1266.101695,1266,"$1,250-$1,499 ($65,000-$77,999)"
Corrimal - Tarrawanna - Bellambi,0,3,3,4,3,10,7,3,13,10,0,4,3,4,67,1306.716418,1306,"$1,250-$1,499 ($65,000-$77,999)"
Figtree - Keiraville,0,7,0,6,0,0,4,6,6,5,9,10,5,0,58,1525.862069,1525,"$1,500-$1,749 ($78,000-$90,999)"
Helensburgh,0,0,0,3,0,0,5,7,7,4,4,14,3,0,47,1613.829787,1613,"$1,500-$1,749 ($78,000-$90,999)"
Thirroul - Austinmer - Coalcliff,4,0,5,4,6,6,14,21,18,21,13,28,5,11,156,1580.128205,1580,"$1,500-$1,749 ($78,000-$90,999)"
Woonona - Bulli - Russell Vale,3,5,4,5,4,12,4,12,10,11,7,8,0,0,85,1143.823529,1143,"$1,000-$1,249 ($52,000-$64,999)"
Wollongong - East,0,3,6,0,7,10,20,13,10,4,9,3,0,0,85,1118.235294,1118,"$1,000-$1,249 ($52,000-$64,999)"
Wollongong - West,4,0,4,4,0,8,6,11,0,9,8,10,0,3,67,1357.462687,1357,"$1,250-$1,499 ($65,000-$77,999)"
Bulahdelah - Stroud,0,0,0,0,0,0,0,0,0,0,0,0,0,0,0,0,0,0
Forster,0,0,3,0,3,6,0,6,0,0,0,0,0,0,18,770.8333333,770,"$650-$799 ($33,800-$41,599)"
Forster-Tuncurry Surrounds,0,0,0,4,5,5,0,0,0,0,0,0,0,0,14,592.8571429,592,"$500-$649 ($26,000-$33,799)"
Tuncurry,0,0,0,0,5,0,0,0,0,0,0,0,0,0,5,575,575,"$500-$649 ($26,000-$33,799)"
Kempsey,0,0,4,0,0,0,0,0,0,0,0,0,0,0,4,350,350,"$300-$399 ($15,600-$20,799)"
Kempsey Surrounds,0,4,0,6,0,4,0,4,0,0,5,5,0,0,28,1174.107143,1174,"$1,000-$1,249 ($52,000-$64,999)"
Macksville - Scotts Head,0,0,0,0,0,0,3,0,0,0,0,0,0,0,3,900,900,"$800-$999 ($41,600-$51,999)"
Nambucca Heads,0,0,0,0,0,0,0,0,0,0,0,0,0,0,0,0,0,0
Nambucca Heads Surrounds,3,0,3,4,0,5,3,0,5,6,0,0,0,0,29,897.4137931,897,"$800-$999 ($41,600-$51,999)"
South West Rocks,0,0,4,0,4,0,0,0,0,0,0,0,0,0,8,462.5,462,"$400-$499 ($20,800-$25,999)"
Lord Howe Island,0,0,0,0,0,0,0,0,0,0,0,0,0,0,0,0,0,0
Laurieton - Bonny Hills,3,0,5,0,3,3,6,3,0,0,0,0,0,0,23,636.9565217,636,"$500-$649 ($26,000-$33,799)"
Port Macquarie - West,0,0,3,0,0,0,0,3,0,6,3,3,0,0,18,1516.666667,1516,"$1,500-$1,749 ($78,000-$90,999)"
Port Macquarie Surrounds,0,0,0,4,0,0,0,0,0,0,0,0,0,0,4,450,450,"$400-$499 ($20,800-$25,999)"
Wauchope,0,0,0,0,0,0,3,4,0,0,0,0,0,0,7,1028.571429,1028,"$1,000-$1,249 ($52,000-$64,999)"
Port Macquarie - East,0,3,0,0,0,0,10,3,0,0,4,0,0,0,20,1152.5,1152,"$1,000-$1,249 ($52,000-$64,999)"
Port Macquarie - South,0,0,4,0,5,5,5,3,3,0,0,7,0,0,32,1032.03125,1032,"$1,000-$1,249 ($52,000-$64,999)"
Gloucester,0,3,0,0,0,0,0,0,0,0,0,0,0,0,3,225,225,"$150-$299 ($7,800-$15,599)"
Old Bar - Manning Point - Red Head,4,0,10,3,7,0,3,5,0,0,0,0,0,4,36,875,875,"$800-$999 ($41,600-$51,999)"
Taree,0,0,3,3,0,0,3,4,4,0,0,0,0,0,17,888.2352941,888,"$800-$999 ($41,600-$51,999)"
Taree Surrounds,5,4,0,0,7,4,0,0,9,3,3,0,0,0,35,941.4285714,941,"$800-$999 ($41,600-$51,999)"
Wingham,0,0,0,0,0,0,0,0,0,0,4,0,0,0,4,2500,2500,"$2,000-$2,999 ($104,000-$155,999)"
Albury - East,0,0,0,4,8,4,3,7,9,7,0,4,0,0,46,1111.413043,1111,"$1,000-$1,249 ($52,000-$64,999)"
Albury - North,0,0,0,0,0,0,0,0,3,5,0,0,0,0,8,1531.25,1531,"$1,500-$1,749 ($78,000-$90,999)"
Albury - South,0,0,3,0,5,7,5,5,7,6,4,0,0,0,42,1154.761905,1154,"$1,000-$1,249 ($52,000-$64,999)"
Albury Surrounds,0,4,5,0,0,0,6,0,3,0,0,0,0,0,18,676.3888889,676,"$650-$799 ($33,800-$41,599)"
Lavington,0,0,0,3,0,0,0,4,0,4,3,0,0,0,14,1417.857143,1417,"$1,250-$1,499 ($65,000-$77,999)"
Hay,0,0,0,0,0,0,0,0,0,0,0,0,0,0,0,0,0,0
Wentworth - Buronga,0,0,0,4,0,0,0,0,0,0,0,0,0,0,4,450,450,"$400-$499 ($20,800-$25,999)"
Wentworth-Balranald Region,0,0,0,0,0,0,0,0,0,0,0,0,0,0,0,0,0,0
Corowa,0,0,0,0,0,0,0,0,0,0,0,0,0,0,0,0,0,0
Corowa Surrounds,0,0,0,0,0,7,0,4,0,0,0,0,0,0,11,870.4545455,870,"$800-$999 ($41,600-$51,999)"
Deniliquin,0,0,0,0,0,5,0,0,3,0,0,0,0,0,8,968.75,968,"$800-$999 ($41,600-$51,999)"
Deniliquin Surrounds,0,0,0,0,0,0,0,0,0,0,0,0,0,0,0,0,0,0
Moama,0,0,0,0,0,5,0,0,0,0,0,0,0,0,5,725,725,"$650-$799 ($33,800-$41,599)"
Tocumwal - Finley - Jerilderie,0,0,0,0,0,0,0,0,0,0,0,0,0,0,0,0,0,0
Armidale,4,0,12,4,3,3,5,11,3,4,0,3,0,0,52,833.1730769,833,"$800-$999 ($41,600-$51,999)"
Armidale Surrounds - North,0,0,0,0,0,0,0,0,0,0,0,0,0,0,0,0,0,0
Armidale Surrounds - South,0,0,0,0,0,5,0,0,0,5,0,0,0,0,10,1175,1175,"$1,000-$1,249 ($52,000-$64,999)"
Walcha,0,0,0,0,0,0,0,0,0,0,0,0,0,0,0,0,0,0
Glen Innes,0,0,4,0,0,0,0,0,0,0,0,0,0,0,4,350,350,"$300-$399 ($15,600-$20,799)"
Inverell,0,0,0,0,3,0,0,0,0,0,0,0,0,0,3,575,575,"$500-$649 ($26,000-$33,799)"
Inverell Surrounds - East,0,0,0,0,0,0,0,0,0,0,0,0,0,0,0,0,0,0
Inverell Surrounds - West,0,0,0,0,0,0,0,0,0,0,3,0,0,0,3,2500,2500,"$2,000-$2,999 ($104,000-$155,999)"
Tenterfield,0,0,3,0,3,0,0,4,0,0,0,0,0,0,10,727.5,727,"$650-$799 ($33,800-$41,599)"
Moree,0,0,0,0,0,0,5,0,0,0,0,0,0,0,5,900,900,"$800-$999 ($41,600-$51,999)"
Moree Surrounds,0,0,0,0,0,0,0,3,0,0,0,0,0,0,3,1125,1125,"$1,000-$1,249 ($52,000-$64,999)"
Narrabri,0,0,0,0,0,0,0,0,0,0,0,0,0,0,0,0,0,0
Narrabri Surrounds,0,0,0,0,0,4,0,0,0,0,0,0,0,0,4,725,725,"$650-$799 ($33,800-$41,599)"
Gunnedah,0,0,0,0,0,6,3,0,0,0,0,0,0,0,9,783.3333333,783,"$650-$799 ($33,800-$41,599)"
Gunnedah Surrounds,0,0,0,6,0,0,0,0,0,0,0,0,0,0,6,450,450,"$400-$499 ($20,800-$25,999)"
Quirindi,0,0,3,0,0,0,0,0,0,0,0,0,0,0,3,350,350,"$300-$399 ($15,600-$20,799)"
Tamworth - East,0,4,0,0,0,0,10,3,4,5,0,0,0,3,29,1289.655172,1289,"$1,250-$1,499 ($65,000-$77,999)"
Tamworth - North,0,0,0,0,3,5,9,7,11,0,5,0,0,0,40,1223.75,1223,"$1,000-$1,249 ($52,000-$64,999)"
Tamworth - West,0,0,0,0,0,0,0,0,0,0,0,0,0,0,0,0,0,0
Tamworth Surrounds,5,0,4,0,7,0,0,0,3,3,0,0,0,0,22,672.7272727,672,"$650-$799 ($33,800-$41,599)"
Belmont - Bennetts Green,0,3,0,0,7,0,0,7,3,3,0,4,0,0,27,1076.851852,1076,"$1,000-$1,249 ($52,000-$64,999)"
Belmont South - Blacksmiths,0,0,0,0,0,0,4,0,0,0,0,0,0,0,4,900,900,"$800-$999 ($41,600-$51,999)"
Charlestown - Dudley,3,4,5,9,4,7,9,8,8,13,5,7,0,0,82,1087.195122,1087,"$1,000-$1,249 ($52,000-$64,999)"
Glendale - Cardiff - Hillsborough,0,0,4,3,3,5,8,0,3,9,4,0,0,0,39,1129.487179,1129,"$1,000-$1,249 ($52,000-$64,999)"
Mount Hutton - Windale,0,0,0,0,3,0,0,0,6,4,0,0,0,0,13,1267.307692,1267,"$1,250-$1,499 ($65,000-$77,999)"
Redhead,0,0,0,0,0,0,0,4,0,0,0,4,0,0,8,1500,1500,"$1,500-$1,749 ($78,000-$90,999)"
Swansea - Caves Beach,0,0,0,0,0,0,7,0,3,5,3,0,0,0,18,1447.222222,1447,"$1,250-$1,499 ($65,000-$77,999)"
Valentine - Eleebana,0,0,0,0,0,3,0,3,4,0,0,8,0,3,21,1740.47619,1740,"$1,500-$1,749 ($78,000-$90,999)"
Warners Bay - Boolaroo,0,4,0,0,3,3,3,0,0,3,0,7,0,0,23,1108.695652,1108,"$1,000-$1,249 ($52,000-$64,999)"
Bolton Point - Teralba,0,0,0,0,0,5,0,4,5,3,0,3,0,0,20,1275,1275,"$1,250-$1,499 ($65,000-$77,999)"
Bonnells Bay - Silverwater,0,0,0,0,0,0,4,4,3,0,0,0,0,0,11,1111.363636,1111,"$1,000-$1,249 ($52,000-$64,999)"
Edgeworth - Cameron Park,0,0,0,0,0,0,4,6,0,0,0,0,0,0,10,1035,1035,"$1,000-$1,249 ($52,000-$64,999)"
Morisset - Cooranbong,0,5,3,3,8,3,3,7,4,3,4,3,0,0,46,1019.021739,1019,"$1,000-$1,249 ($52,000-$64,999)"
Toronto - Awaba,0,0,0,0,0,3,3,6,0,0,0,3,0,0,15,1150,1150,"$1,000-$1,249 ($52,000-$64,999)"
Wangi Wangi - Rathmines,0,0,0,0,0,0,0,0,0,0,0,3,0,0,3,1875,1875,"$1,750-$1,999 ($91,000-$103,999)"
West Wallsend - Barnsley - Killingworth,0,0,0,0,0,0,0,0,0,0,0,0,0,0,0,0,0,0
Adamstown - Kotara,3,3,6,4,6,3,4,0,9,6,5,5,3,0,57,1189.035088,1189,"$1,000-$1,249 ($52,000-$64,999)"
Beresfield - Hexham,0,3,0,0,0,0,0,0,0,0,0,0,0,0,3,225,225,"$150-$299 ($7,800-$15,599)"
Hamilton - Broadmeadow,3,0,0,9,8,5,10,9,4,4,8,5,3,3,71,1313.380282,1313,"$1,250-$1,499 ($65,000-$77,999)"
Lambton - New Lambton,4,4,0,3,8,4,7,7,6,4,7,10,0,0,64,1175.390625,1175,"$1,000-$1,249 ($52,000-$64,999)"
Maryland - Fletcher - Minmi,0,0,3,0,3,0,0,0,4,5,0,0,0,0,15,1093.333333,1093,"$1,000-$1,249 ($52,000-$64,999)"
Mayfield - Warabrook,4,0,8,3,6,0,8,11,8,11,3,4,0,0,66,1081.060606,1081,"$1,000-$1,249 ($52,000-$64,999)"
Merewether - The Junction,0,0,4,10,9,7,11,8,6,8,7,5,0,3,78,1200.961538,1200,"$1,000-$1,249 ($52,000-$64,999)"
Newcastle - Cooks Hill,0,0,4,4,9,10,13,11,7,14,3,12,4,0,91,1264.56044,1264,"$1,250-$1,499 ($65,000-$77,999)"
Newcastle Port - Kooragang,0,0,0,0,0,0,0,0,0,0,0,0,0,0,0,0,0,0
Shortland - Jesmond,0,0,0,0,3,6,0,0,0,0,0,0,0,0,9,675,675,"$650-$799 ($33,800-$41,599)"
Stockton - Fullerton Cove,0,4,0,0,0,0,0,0,0,0,5,0,0,0,9,1488.888889,1488,"$1,250-$1,499 ($65,000-$77,999)"
Wallsend - Elermore Vale,7,0,4,4,5,0,8,12,5,0,0,5,0,0,50,871,871,"$800-$999 ($41,600-$51,999)"
Waratah - North Lambton,0,0,0,3,0,4,5,8,0,10,0,0,0,0,30,1133.333333,1133,"$1,000-$1,249 ($52,000-$64,999)"
Wickham - Carrington - Tighes Hill,0,4,3,3,10,12,11,12,3,9,8,11,0,0,86,1168.895349,1168,"$1,000-$1,249 ($52,000-$64,999)"
Ballina,0,0,3,5,8,4,8,3,9,3,0,3,0,3,49,1117.346939,1117,"$1,000-$1,249 ($52,000-$64,999)"
Ballina Surrounds,0,3,5,4,6,6,9,13,8,12,10,5,0,11,92,1501.358696,1501,"$1,500-$1,749 ($78,000-$90,999)"
Bangalow,3,0,3,4,5,11,11,5,14,9,16,13,0,12,106,1600.943396,1600,"$1,500-$1,749 ($78,000-$90,999)"
Brunswick Heads - Ocean Shores,0,5,5,0,11,14,12,12,7,6,4,7,5,0,88,1163.636364,1163,"$1,000-$1,249 ($52,000-$64,999)"
Byron Bay,4,4,4,5,9,17,22,20,20,11,13,15,5,15,164,1459.756098,1459,"$1,250-$1,499 ($65,000-$77,999)"
Evans Head,0,0,0,0,0,0,0,5,0,0,0,0,0,0,5,1125,1125,"$1,000-$1,249 ($52,000-$64,999)"
Lennox Head - Skennars Head,4,0,0,0,3,4,10,4,6,6,9,4,0,0,50,1328.5,1328,"$1,250-$1,499 ($65,000-$77,999)"
Mullumbimby,0,3,10,9,12,17,16,15,15,7,0,7,0,0,111,935.5855856,935,"$800-$999 ($41,600-$51,999)"
Casino,0,0,3,0,0,0,0,0,0,0,0,0,0,0,3,350,350,"$300-$399 ($15,600-$20,799)"
Casino Surrounds,0,0,0,0,0,0,0,0,0,0,0,0,0,0,0,0,0,0
Goonellabah,0,0,0,0,8,0,3,0,0,0,0,0,0,0,11,663.6363636,663,"$650-$799 ($33,800-$41,599)"
Kyogle,0,0,5,0,5,0,5,6,0,3,0,0,0,0,24,864.5833333,864,"$800-$999 ($41,600-$51,999)"
Lismore,0,4,0,3,3,3,12,8,7,6,0,7,0,0,53,1102.830189,1102,"$1,000-$1,249 ($52,000-$64,999)"
Lismore Surrounds,6,5,10,3,10,6,5,9,12,6,0,3,0,3,78,942.6282051,942,"$800-$999 ($41,600-$51,999)"
Kingscliff - Fingal Head,0,3,0,6,4,9,4,13,9,11,7,20,5,7,98,1596.173469,1596,"$1,500-$1,749 ($78,000-$90,999)"
Murwillumbah,4,0,3,6,3,5,4,4,4,5,0,0,0,0,38,819.0789474,819,"$800-$999 ($41,600-$51,999)"
Murwillumbah Surrounds,4,8,3,3,9,6,4,4,0,0,0,0,3,0,44,724.4318182,724,"$650-$799 ($33,800-$41,599)"
Pottsville,0,3,6,0,13,5,10,6,7,5,4,5,0,0,64,1042.96875,1042,"$1,000-$1,249 ($52,000-$64,999)"
Tweed Heads,0,0,3,5,12,11,8,11,12,7,3,3,0,0,75,1050,1050,"$1,000-$1,249 ($52,000-$64,999)"
Banora Point,5,0,0,0,3,4,3,3,0,0,3,0,0,0,21,884.5238095,884,"$800-$999 ($41,600-$51,999)"
Terranora - North Tumbulgum,0,0,0,0,5,0,0,0,0,3,0,0,0,0,8,968.75,968,"$800-$999 ($41,600-$51,999)"
Tweed Heads South,0,0,3,0,0,3,6,0,0,0,0,0,0,0,12,718.75,718,"$650-$799 ($33,800-$41,599)"
Griffith (NSW),0,0,0,0,0,0,4,4,0,0,0,0,0,0,8,1012.5,1012,"$1,000-$1,249 ($52,000-$64,999)"
Griffith Surrounds,0,0,0,0,0,0,3,0,0,0,0,0,0,0,3,900,900,"$800-$999 ($41,600-$51,999)"
Leeton,0,0,0,0,0,0,0,0,0,0,0,0,0,0,0,0,0,0
Narrandera,0,0,0,0,0,4,0,0,0,0,0,0,0,0,4,725,725,"$650-$799 ($33,800-$41,599)"
Tumbarumba,0,0,0,0,0,0,0,0,0,0,0,0,0,0,0,0,0,0
Tumut,0,0,0,0,0,0,0,0,0,0,0,0,0,0,0,0,0,0
Tumut Surrounds,0,0,5,0,0,0,0,0,0,0,0,0,0,0,5,350,350,"$300-$399 ($15,600-$20,799)"
Cootamundra,0,0,0,0,0,4,0,0,0,0,0,0,0,0,4,725,725,"$650-$799 ($33,800-$41,599)"
Gundagai,0,0,0,0,0,3,0,0,0,0,0,0,0,0,3,725,725,"$650-$799 ($33,800-$41,599)"
Junee,0,0,5,0,0,0,0,0,0,0,0,0,0,0,5,350,350,"$300-$399 ($15,600-$20,799)"
Temora,0,0,0,0,0,0,4,3,0,0,0,0,0,0,7,996.4285714,996,"$800-$999 ($41,600-$51,999)"
Wagga Wagga - East,4,0,6,3,0,3,5,5,0,5,3,0,0,0,34,931.6176471,931,"$800-$999 ($41,600-$51,999)"
Wagga Wagga - North,0,0,0,0,0,0,0,5,0,0,0,3,0,0,8,1406.25,1406,"$1,250-$1,499 ($65,000-$77,999)"
Wagga Wagga - South,0,0,3,0,5,0,5,3,5,6,4,3,0,0,34,1295.588235,1295,"$1,250-$1,499 ($65,000-$77,999)"
Wagga Wagga - West,5,0,0,3,3,4,10,6,7,5,5,4,0,0,52,1150.961538,1150,"$1,000-$1,249 ($52,000-$64,999)"
Wagga Wagga Surrounds,0,0,0,4,6,0,6,6,5,9,4,3,0,0,43,1268.023256,1268,"$1,250-$1,499 ($65,000-$77,999)"
Berry - Kangaroo Valley,0,3,0,5,3,5,5,0,0,5,0,3,4,3,36,1389.583333,1389,"$1,250-$1,499 ($65,000-$77,999)"
Callala Bay - Currarong,0,0,0,0,0,0,0,0,0,0,0,0,0,0,0,0,0,0
Culburra Beach,0,0,0,0,0,0,3,0,3,0,3,0,0,0,9,1591.666667,1591,"$1,500-$1,749 ($78,000-$90,999)"
Ettrema - Sassafras - Budawang,0,0,0,0,0,0,0,0,0,0,0,0,0,0,0,0,0,0
Huskisson - Vincentia,0,0,0,0,0,0,3,0,0,5,0,3,0,0,11,1495.454545,1495,"$1,250-$1,499 ($65,000-$77,999)"
North Nowra - Bomaderry,3,0,3,0,4,6,0,4,4,0,0,0,0,0,24,746.875,746,"$650-$799 ($33,800-$41,599)"
Nowra,0,0,0,4,5,0,0,3,0,0,7,5,0,0,24,1455.208333,1455,"$1,250-$1,499 ($65,000-$77,999)"
St Georges Basin - Erowal Bay,0,0,0,0,0,3,4,4,0,6,0,0,0,0,17,1177.941176,1177,"$1,000-$1,249 ($52,000-$64,999)"
Sussex Inlet - Berrara,0,0,0,0,0,0,0,0,0,0,0,0,0,0,0,0,0,0
Tomerong - Wandandian - Woollamia,0,0,0,0,0,3,0,0,0,0,0,0,0,0,3,725,725,"$650-$799 ($33,800-$41,599)"
Ulladulla,0,0,6,4,0,0,8,0,3,3,0,8,0,0,32,1096.875,1096,"$1,000-$1,249 ($52,000-$64,999)"
Ulladulla Surrounds,0,3,6,6,0,0,3,0,0,0,3,0,0,3,24,1090.625,1090,"$1,000-$1,249 ($52,000-$64,999)"
Bowral,4,3,10,9,4,5,6,3,9,6,0,15,0,7,81,1209.567901,1209,"$1,000-$1,249 ($52,000-$64,999)"
Hill Top - Colo Vale,0,0,0,6,0,0,0,0,0,0,0,3,0,0,9,925,925,"$800-$999 ($41,600-$51,999)"
Mittagong,4,4,0,8,3,6,9,0,4,5,3,10,0,5,61,1251.639344,1251,"$1,250-$1,499 ($65,000-$77,999)"
Moss Vale - Berrima,0,4,5,3,7,5,6,11,5,9,0,4,3,6,68,1311.397059,1311,"$1,250-$1,499 ($65,000-$77,999)"
Robertson - Fitzroy Falls,0,0,0,4,3,5,0,11,3,9,3,5,0,3,46,1427.173913,1427,"$1,250-$1,499 ($65,000-$77,999)"
Southern Highlands,4,0,0,5,6,5,0,4,8,3,0,3,0,0,38,937.5,937,"$800-$999 ($41,600-$51,999)"
